record_type;country_code;subdivision_code;jurisdiction;exel_languages;currency_code;hourly_wage_rate;effective_floor_hourly;candidate_hourly_rate;official_published;no_single_national_rate;source_verified;effective_date;rate_scope;source_rate;source_period;source_url;notes;as_of_date
Country;AU;;Australia;English;AUD;26.44;26.44;;Yes;No;Yes;2026-07-01;"National Minimum Wage; award/agreement-free adults";26.44;hour;https://www.fairwork.gov.au/pay-and-wages/minimum-wages;Verified official source.;2026-09-11
Country;BR;;Brazil;Portuguese;BRL;7.37;7.37;;Yes;No;Yes;2026-01-01;National minimum;7.37;hour;https://legis.senado.gov.br/norma/41882097/publicacao/41888369;Official decree explicitly publishes the hourly rate.;2026-09-11
Country;CM;;Cameroon;French;XAF;240.924;240.924;;Yes;Yes;Yes;2023-03-06;Government-sector reference;41875;month;https://minfi.gov.cm/wp-content/uploads/2023/11/DECRET_N_2023-158_DU_06_MARS_2023_PORTANT_REVALORISATION_DE_LA_REMUNERATION_MENSUELLE_DE_BASE_DES_PERSONNELS_CIVILS_ET_MILITAIRES_A_UN_TAUX_MOYEN_DE_5_2.pdf;"User-selected Cameroon government-sector reference; not a universal private-sector floor. Converted using 173.810 hours/month.";2026-09-11
Country;CA;;Canada;English|French;CAD;18.15;18.15;;Yes;Yes;Yes;2026-04-01;Federal jurisdiction;18.15;hour;https://www.canada.ca/en/employment-social-development/news/2026/03/government-of-canada-raises-the-federal-minimum-wage.html;Provincial/territorial rate applies when higher.;2026-09-11
Country;CL;;Chile;Spanish;CLP;3101.087;3101.087;;Yes;No;Yes;2026-01-01;National monthly minimum, ages 18–65;539000;month;https://www.mintrab.gob.cl/reajuste-al-ingreso-minimo-mensual/;Converted using 173.810 hours/month.;2026-09-11
Country;CY;;Cyprus;Turkish|Greek;EUR;6.26;6.26;;Yes;Yes;Yes;2026-01-01;General minimum after 6 months continuous employment;1088;month;https://www.gov.cy/mlsi-li/en/uncategorized/minimum-wage/;Initial-hire minimum is EUR 979/month. Several sectors are excluded and covered separately.;2026-09-11
Country;FR;;France;French;EUR;12.31;12.31;;Yes;No;Yes;2026-06-01;National SMIC, adult gross;12.31;hour;https://www.service-public.fr/particuliers/vosdroits/F2300;Verified official source.;2026-09-11
Country;DE;;Germany;German;EUR;13.9;13.9;;Yes;No;Yes;2026-01-01;National statutory minimum;13.9;hour;https://www.bmas.de/DE/Arbeit/Arbeitsrecht/Mindestlohn/Glossar/G/Gesetzlicher-Mindestlohn.html;Verified official source.;2026-09-11
Country;GR;;Greece;Greek;EUR;5.293;5.293;;Yes;No;Yes;2026-04-01;National white-collar monthly minimum;920;month;https://ypergasias.gov.gr/en/labour-relations/collective-employment-relations/minimum-wage/;Converted using 173.810 hours/month. Blue-collar statutory daily wage is EUR 41.09.;2026-09-11
Country;IE;;Ireland;English;EUR;14.15;14.15;;Yes;No;Yes;2026-01-01;National minimum wage, age 20+;14.15;hour;https://www.workplacerelations.ie/en/what_you_should_know/hours-and-wages/national%20minimum%20wage/national_minimum_wage.html;Verified official source.;2026-09-11
Country;IL;;Israel;Hebrew;ILS;34.64;34.64;;Yes;No;Yes;2026-04-01;National hourly minimum, 186-hour basis;34.64;hour;https://www.btl.gov.il/English%20Homepage/Mediniyut/GeneralInformation/Pages/MinimumWage.aspx;Official source also publishes ILS 35.40/hour on a 182-hour basis and ILS 6,443.85/month.;2026-09-11
Country;MY;;Malaysia;Malay;MYR;9.781;9.781;;Yes;No;Yes;2025-02-01;National monthly minimum;1700;month;https://jtksm.mohr.gov.my/en/node/82119;Converted using 173.810 hours/month.;2026-09-11
Country;MX;;Mexico;Spanish;MXN;39.38;39.38;;Yes;Yes;Yes;2026-01-01;General minimum wage zone;315.04;day;https://www.gob.mx/conasami/es/articulos/se-publican-en-el-diario-oficial-de-la-federacion-los-salarios-minimos-vigentes-a-partir-del-1-de-enero-de-2026;Northern Border Free Zone has a higher rate.;2026-09-11
Country;NL;;Netherlands;Dutch;EUR;14.99;14.99;;Yes;No;Yes;2026-07-01;National statutory minimum, age 21+;14.99;hour;https://www.government.nl/themes/work/minimum-wage/minimum-wage-amounts;Verified official source.;2026-09-11
Country;NZ;;New Zealand;English;NZD;23.95;23.95;;Yes;No;Yes;2026-04-01;Adult minimum wage;23.95;hour;https://www.employment.govt.nz/pay-and-hours/pay-and-wages/minimum-wage/minimum-wage-rates-and-types;Verified official source.;2026-09-11
Country;PL;;Poland;Polish;PLN;27.651;27.651;;Yes;No;Yes;2026-01-01;National employee minimum salary;4806;month;https://www.gov.pl/web/family/minimum-wage;Converted from PLN 4,806/month using 173.810 hours/month. Separate statutory PLN 31.40 hourly rate applies to specified civil-law/service contracts.;2026-09-11
Country;PT;;Portugal;Portuguese;EUR;5.293;5.293;;Yes;No;Yes;2026-01-01;National monthly minimum;920;month;https://www.dgert.gov.pt/retribuicao-minima-mensal-garantida-para-2026;Converted using 173.810 hours/month.;2026-09-11
Country;ZA;;South Africa;;ZAR;30.23;30.23;;Yes;No;Yes;2026-03-01;National minimum wage;30.23;hour;https://www.gov.za/sites/default/files/gcis_document/202602/54075rg11941gon7083.pdf;Verified official source.;2026-09-11
Country;KR;;South Korea;Korean;KRW;10320.0;10320.0;;Yes;No;Yes;2026-01-01;National statutory hourly rate;10320;hour;https://www.moel.go.kr/news/enews/report/enewsView.do?news_seq=18144;Verified official source.;2026-09-11
Country;ES;;Spain;Spanish;EUR;8.196;8.196;;Yes;No;Yes;2026-01-01;National SMI annualized;17094;year;https://www.boe.es/buscar/act.php?id=BOE-A-2026-3815;"Official SMI is EUR 1,221/month in 14 payments = EUR 17,094/year; normalized using 2,085.714 hours/year.";2026-09-11
Country;TW;;Taiwan;Chinese;TWD;196.0;196.0;;Yes;No;Yes;2026-01-01;National statutory hourly rate;196;hour;https://english.mol.gov.tw/21139/40790/87087/;Verified official source.;2026-09-11
Country;TH;;Thailand;Thai;THB;50.0;50.0;;Yes;Yes;Yes;2025-07-01;Bangkok minimum wage;400;day;https://www.mol.go.th/en/news/starting-july-1-ministry-of-labour-revises-minimum-wage-to-align-with-economy-and-improve-workers-quality-of-life;"Thailand uses provincial/sector rates; Bangkok is 400 THB/day. Converted using 8 hours/day.";2026-09-11
Country;TR;;Türkiye;Turkish;TRY;190.035;190.035;;Yes;No;Yes;2026-01-01;National gross monthly minimum;33030;month;https://www.csgb.gov.tr/tr/poco-pages/asgari-ucret/;Converted using 173.810 hours/month.;2026-09-11
Country;GB;;United Kingdom;English;GBP;12.71;12.71;;Yes;No;Yes;2026-04-01;National Living Wage, age 21+;12.71;hour;https://www.gov.uk/national-minimum-wage-rates;Verified official source.;2026-09-11
Country;US;;United States;English;USD;7.25;7.25;;Yes;No;Yes;2009-07-24;Federal FLSA;7.25;hour;https://www.dol.gov/agencies/whd/minimum-wage/state;"Federal floor; state/local law may require more.";2026-09-11
US District;US;US-DC;District of Columbia;English;USD;18.4;18.4;;Yes;No;Yes;2026-07-01;General state rate;18.4;hour;https://www.dol.gov/agencies/whd/minimum-wage/state;State statutory minimum wage from U.S. Department of Labor.;2026-09-11
US State;US;US-AK;Alaska;English;USD;14.0;14.0;;Yes;No;Yes;2026-07-01;General state rate;14.0;hour;https://www.dol.gov/agencies/whd/minimum-wage/state;State statutory minimum wage from U.S. Department of Labor.;2026-09-11
US State;US;US-AZ;Arizona;English;USD;15.15;15.15;;Yes;No;Yes;2026-07-01;General state rate;15.15;hour;https://www.dol.gov/agencies/whd/minimum-wage/state;State statutory minimum wage from U.S. Department of Labor.;2026-09-11
US State;US;US-AR;Arkansas;English;USD;11.0;11.0;;Yes;No;Yes;2026-07-01;Employers with 4+ employees;11.0;hour;https://www.dol.gov/agencies/whd/minimum-wage/state;State statutory minimum wage from U.S. Department of Labor.;2026-09-11
US State;US;US-CA;California;English;USD;16.9;16.9;;Yes;No;Yes;2026-07-01;General state rate;16.9;hour;https://www.dol.gov/agencies/whd/minimum-wage/state;State statutory minimum wage from U.S. Department of Labor.;2026-09-11
US State;US;US-CO;Colorado;English;USD;15.16;15.16;;Yes;No;Yes;2026-07-01;General state rate;15.16;hour;https://www.dol.gov/agencies/whd/minimum-wage/state;State statutory minimum wage from U.S. Department of Labor.;2026-09-11
US State;US;US-CT;Connecticut;English;USD;16.94;16.94;;Yes;No;Yes;2026-07-01;General state rate;16.94;hour;https://www.dol.gov/agencies/whd/minimum-wage/state;State statutory minimum wage from U.S. Department of Labor.;2026-09-11
US State;US;US-DE;Delaware;English;USD;15.0;15.0;;Yes;No;Yes;2026-07-01;General state rate;15.0;hour;https://www.dol.gov/agencies/whd/minimum-wage/state;State statutory minimum wage from U.S. Department of Labor.;2026-09-11
US State;US;US-FL;Florida;English;USD;14.0;14.0;;Yes;No;Yes;2026-07-01;General state rate;14.0;hour;https://www.dol.gov/agencies/whd/minimum-wage/state;State statutory minimum wage from U.S. Department of Labor.;2026-09-11
US State;US;US-GA;Georgia;English;USD;5.15;7.25;;Yes;No;Yes;2026-07-01;State statutory rate;5.15;hour;https://www.dol.gov/agencies/whd/minimum-wage/state;"FLSA-covered employment is excluded from the lower state rate; federal $7.25 applies.";2026-09-11
US State;US;US-HI;Hawaii;English;USD;16.0;16.0;;Yes;No;Yes;2026-07-01;General state rate;16.0;hour;https://www.dol.gov/agencies/whd/minimum-wage/state;State statutory minimum wage from U.S. Department of Labor.;2026-09-11
US State;US;US-ID;Idaho;English;USD;7.25;7.25;;Yes;No;Yes;2026-07-01;General state rate;7.25;hour;https://www.dol.gov/agencies/whd/minimum-wage/state;State statutory minimum wage from U.S. Department of Labor.;2026-09-11
US State;US;US-IL;Illinois;English;USD;15.0;15.0;;Yes;No;Yes;2026-07-01;Employers with 4+ employees;15.0;hour;https://www.dol.gov/agencies/whd/minimum-wage/state;State statutory minimum wage from U.S. Department of Labor.;2026-09-11
US State;US;US-IN;Indiana;English;USD;7.25;7.25;;Yes;No;Yes;2026-07-01;General state rate;7.25;hour;https://www.dol.gov/agencies/whd/minimum-wage/state;State statutory minimum wage from U.S. Department of Labor.;2026-09-11
US State;US;US-IA;Iowa;English;USD;7.25;7.25;;Yes;No;Yes;2026-07-01;General state rate;7.25;hour;https://www.dol.gov/agencies/whd/minimum-wage/state;State statutory minimum wage from U.S. Department of Labor.;2026-09-11
US State;US;US-KS;Kansas;English;USD;7.25;7.25;;Yes;No;Yes;2026-07-01;General state rate;7.25;hour;https://www.dol.gov/agencies/whd/minimum-wage/state;State statutory minimum wage from U.S. Department of Labor.;2026-09-11
US State;US;US-KY;Kentucky;English;USD;7.25;7.25;;Yes;No;Yes;2026-07-01;General state rate;7.25;hour;https://www.dol.gov/agencies/whd/minimum-wage/state;State statutory minimum wage from U.S. Department of Labor.;2026-09-11
US State;US;US-ME;Maine;English;USD;15.1;15.1;;Yes;No;Yes;2026-07-01;General state rate;15.1;hour;https://www.dol.gov/agencies/whd/minimum-wage/state;State statutory minimum wage from U.S. Department of Labor.;2026-09-11
US State;US;US-MD;Maryland;English;USD;15.0;15.0;;Yes;No;Yes;2026-07-01;General state rate;15.0;hour;https://www.dol.gov/agencies/whd/minimum-wage/state;State statutory minimum wage from U.S. Department of Labor.;2026-09-11
US State;US;US-MA;Massachusetts;English;USD;15.0;15.0;;Yes;No;Yes;2026-07-01;General state rate;15.0;hour;https://www.dol.gov/agencies/whd/minimum-wage/state;State statutory minimum wage from U.S. Department of Labor.;2026-09-11
US State;US;US-MI;Michigan;English;USD;13.73;13.73;;Yes;No;Yes;2026-07-01;General state rate;13.73;hour;https://www.dol.gov/agencies/whd/minimum-wage/state;State statutory minimum wage from U.S. Department of Labor.;2026-09-11
US State;US;US-MN;Minnesota;English;USD;11.41;11.41;;Yes;No;Yes;2026-07-01;General state rate;11.41;hour;https://www.dol.gov/agencies/whd/minimum-wage/state;State statutory minimum wage from U.S. Department of Labor.;2026-09-11
US State;US;US-MO;Missouri;English;USD;15.0;15.0;;Yes;No;Yes;2026-07-01;General state rate;15.0;hour;https://www.dol.gov/agencies/whd/minimum-wage/state;State statutory minimum wage from U.S. Department of Labor.;2026-09-11
US State;US;US-MT;Montana;English;USD;10.85;10.85;;Yes;No;Yes;2026-07-01;Businesses with gross annual sales > $110,000;10.85;hour;https://www.dol.gov/agencies/whd/minimum-wage/state;State statutory minimum wage from U.S. Department of Labor.;2026-09-11
US State;US;US-MT;Montana;English;USD;4.0;4.0;;Yes;No;Yes;2026-07-01;Non-FLSA businesses with gross annual sales <= $110,000;4.0;hour;https://www.dol.gov/agencies/whd/minimum-wage/state;If an employee is FLSA-covered, the higher applicable federal/state rule applies.;2026-09-11
US State;US;US-NE;Nebraska;English;USD;15.0;15.0;;Yes;No;Yes;2026-07-01;Employers with 4+ employees;15.0;hour;https://www.dol.gov/agencies/whd/minimum-wage/state;State statutory minimum wage from U.S. Department of Labor.;2026-09-11
US State;US;US-NV;Nevada;English;USD;12.0;12.0;;Yes;No;Yes;2026-07-01;General state rate;12.0;hour;https://www.dol.gov/agencies/whd/minimum-wage/state;State statutory minimum wage from U.S. Department of Labor.;2026-09-11
US State;US;US-NH;New Hampshire;English;USD;7.25;7.25;;Yes;No;Yes;2026-07-01;General state rate;7.25;hour;https://www.dol.gov/agencies/whd/minimum-wage/state;State statutory minimum wage from U.S. Department of Labor.;2026-09-11
US State;US;US-NJ;New Jersey;English;USD;15.23;15.23;;Yes;No;Yes;2026-07-01;Employers with fewer than 6 employees / seasonal employment;15.23;hour;https://www.dol.gov/agencies/whd/minimum-wage/state;State statutory minimum wage from U.S. Department of Labor.;2026-09-11
US State;US;US-NJ;New Jersey;English;USD;15.92;15.92;;Yes;No;Yes;2026-07-01;General rate;15.92;hour;https://www.dol.gov/agencies/whd/minimum-wage/state;State statutory minimum wage from U.S. Department of Labor.;2026-09-11
US State;US;US-NM;New Mexico;English;USD;12.0;12.0;;Yes;No;Yes;2026-07-01;General state rate;12.0;hour;https://www.dol.gov/agencies/whd/minimum-wage/state;State statutory minimum wage from U.S. Department of Labor.;2026-09-11
US State;US;US-NY;New York;English;USD;17.0;17.0;;Yes;No;Yes;2026-07-01;NYC, Nassau, Suffolk, Westchester;17.0;hour;https://www.dol.gov/agencies/whd/minimum-wage/state;State statutory minimum wage from U.S. Department of Labor.;2026-09-11
US State;US;US-NY;New York;English;USD;16.0;16.0;;Yes;No;Yes;2026-07-01;Remainder of state;16.0;hour;https://www.dol.gov/agencies/whd/minimum-wage/state;State statutory minimum wage from U.S. Department of Labor.;2026-09-11
US State;US;US-NC;North Carolina;English;USD;7.25;7.25;;Yes;No;Yes;2026-07-01;General state rate;7.25;hour;https://www.dol.gov/agencies/whd/minimum-wage/state;State statutory minimum wage from U.S. Department of Labor.;2026-09-11
US State;US;US-ND;North Dakota;English;USD;7.25;7.25;;Yes;No;Yes;2026-07-01;General state rate;7.25;hour;https://www.dol.gov/agencies/whd/minimum-wage/state;State statutory minimum wage from U.S. Department of Labor.;2026-09-11
US State;US;US-OH;Ohio;English;USD;7.25;7.25;;Yes;No;Yes;2026-07-01;Employers with annual gross receipts < $405,000;7.25;hour;https://www.dol.gov/agencies/whd/minimum-wage/state;State statutory minimum wage from U.S. Department of Labor.;2026-09-11
US State;US;US-OH;Ohio;English;USD;11.0;11.0;;Yes;No;Yes;2026-07-01;Employers with annual gross receipts >= $405,000;11.0;hour;https://www.dol.gov/agencies/whd/minimum-wage/state;State statutory minimum wage from U.S. Department of Labor.;2026-09-11
US State;US;US-OK;Oklahoma;English;USD;7.25;7.25;;Yes;No;Yes;2026-07-01;10+ full-time employees at one location OR annual gross sales > $100,000;7.25;hour;https://www.dol.gov/agencies/whd/minimum-wage/state;State statutory minimum wage from U.S. Department of Labor.;2026-09-11
US State;US;US-OK;Oklahoma;English;USD;2.0;2.0;;Yes;No;Yes;2026-07-01;All other employers under state law;2.0;hour;https://www.dol.gov/agencies/whd/minimum-wage/state;FLSA-covered employment is excluded from this lower state-law category.;2026-09-11
US State;US;US-OR;Oregon;English;USD;14.55;14.55;;Yes;No;Yes;2026-07-01;Non-Urban counties;14.55;hour;https://www.dol.gov/agencies/whd/minimum-wage/state;State statutory minimum wage from U.S. Department of Labor.;2026-09-11
US State;US;US-OR;Oregon;English;USD;16.8;16.8;;Yes;No;Yes;2026-07-01;Portland Metro Area;16.8;hour;https://www.dol.gov/agencies/whd/minimum-wage/state;State statutory minimum wage from U.S. Department of Labor.;2026-09-11
US State;US;US-OR;Oregon;English;USD;15.55;15.55;;Yes;No;Yes;2026-07-01;Standard state rate;15.55;hour;https://www.dol.gov/agencies/whd/minimum-wage/state;State statutory minimum wage from U.S. Department of Labor.;2026-09-11
US State;US;US-PA;Pennsylvania;English;USD;7.25;7.25;;Yes;No;Yes;2026-07-01;General state rate;7.25;hour;https://www.dol.gov/agencies/whd/minimum-wage/state;State statutory minimum wage from U.S. Department of Labor.;2026-09-11
US State;US;US-RI;Rhode Island;English;USD;16.0;16.0;;Yes;No;Yes;2026-07-01;General state rate;16.0;hour;https://www.dol.gov/agencies/whd/minimum-wage/state;State statutory minimum wage from U.S. Department of Labor.;2026-09-11
US State;US;US-SD;South Dakota;English;USD;11.85;11.85;;Yes;No;Yes;2026-07-01;General state rate;11.85;hour;https://www.dol.gov/agencies/whd/minimum-wage/state;State statutory minimum wage from U.S. Department of Labor.;2026-09-11
US State;US;US-TX;Texas;English;USD;7.25;7.25;;Yes;No;Yes;2026-07-01;State adopts federal rate by reference;7.25;hour;https://www.dol.gov/agencies/whd/minimum-wage/state;State statutory minimum wage from U.S. Department of Labor.;2026-09-11
US State;US;US-UT;Utah;English;USD;7.25;7.25;;Yes;No;Yes;2026-07-01;General state rate;7.25;hour;https://www.dol.gov/agencies/whd/minimum-wage/state;State statutory minimum wage from U.S. Department of Labor.;2026-09-11
US State;US;US-VT;Vermont;English;USD;14.42;14.42;;Yes;No;Yes;2026-07-01;General state rate;14.42;hour;https://www.dol.gov/agencies/whd/minimum-wage/state;State statutory minimum wage from U.S. Department of Labor.;2026-09-11
US State;US;US-VA;Virginia;English;USD;12.77;12.77;;Yes;No;Yes;2026-07-01;General state rate;12.77;hour;https://www.dol.gov/agencies/whd/minimum-wage/state;State statutory minimum wage from U.S. Department of Labor.;2026-09-11
US State;US;US-WA;Washington;English;USD;17.13;17.13;;Yes;No;Yes;2026-07-01;General state rate;17.13;hour;https://www.dol.gov/agencies/whd/minimum-wage/state;State statutory minimum wage from U.S. Department of Labor.;2026-09-11
US State;US;US-WV;West Virginia;English;USD;8.75;8.75;;Yes;No;Yes;2026-07-01;Employers with 6+ employees at one location;8.75;hour;https://www.dol.gov/agencies/whd/minimum-wage/state;State statutory minimum wage from U.S. Department of Labor.;2026-09-11
US State;US;US-WI;Wisconsin;English;USD;7.25;7.25;;Yes;No;Yes;2026-07-01;General state rate;7.25;hour;https://www.dol.gov/agencies/whd/minimum-wage/state;State statutory minimum wage from U.S. Department of Labor.;2026-09-11
US State;US;US-WY;Wyoming;English;USD;5.15;7.25;;Yes;No;Yes;2026-07-01;State statutory rate;5.15;hour;https://www.dol.gov/agencies/whd/minimum-wage/state;FLSA-covered employers must pay federal $7.25.;2026-09-11
Country;AF;;Afghanistan;;AFN;;;;;;No;;Official-source verification pending;;;https://ilostat.ilo.org/data/snapshots/earnings/;Not Published — no verified current official wage rate loaded.;2026-09-11
Country;AL;;Albania;;ALL;;;287.67;;;No;;Secondary candidate only;;;https://tradingeconomics.com/country-list/minimum-wages;"Not Published in a verified official 2026 source loaded here; secondary candidate normalized to hourly from reference Mar/26.";2026-09-11
Country;DZ;;Algeria;Arabic;DZD;;;138.082;;;No;;Secondary candidate only;;;https://tradingeconomics.com/country-list/minimum-wages;"Not Published in a verified official 2026 source loaded here; secondary candidate normalized to hourly from reference Jan/26.";2026-09-11
Country;AS;;American Samoa;;USD;;;;;;No;;Official-source verification pending;;;https://ilostat.ilo.org/data/snapshots/earnings/;Not Published — no verified current official wage rate loaded.;2026-09-11
Country;AD;;Andorra;;EUR;;;;;;No;;Official-source verification pending;;;https://ilostat.ilo.org/data/snapshots/earnings/;Not Published — no verified current official wage rate loaded.;2026-09-11
Country;AO;;Angola;Portuguese;AOA;;;;;;No;;Official-source verification pending;;;https://ilostat.ilo.org/data/snapshots/earnings/;Not Published — no verified current official wage rate loaded.;2026-09-11
Country;AI;;Anguilla;;XCD;;;;;;No;;Official-source verification pending;;;https://ilostat.ilo.org/data/snapshots/earnings/;Not Published — no verified current official wage rate loaded.;2026-09-11
Country;AQ;;Antarctica;;;;;;;;No;;Official-source verification pending;;;https://ilostat.ilo.org/data/snapshots/earnings/;Not Published — no verified current official wage rate loaded.;2026-09-11
Country;AG;;Antigua and Barbuda;;XCD;;;;;;No;;Official-source verification pending;;;https://ilostat.ilo.org/data/snapshots/earnings/;Not Published — no verified current official wage rate loaded.;2026-09-11
Country;AR;;Argentina;Spanish;ARS;;;2166.734;;;No;;Secondary candidate only;;;https://tradingeconomics.com/country-list/minimum-wages;"Not Published in a verified official 2026 source loaded here; secondary candidate normalized to hourly from reference Aug/26.";2026-09-11
Country;AM;;Armenia;;AMD;;;431.506;;;No;;Secondary candidate only;;;https://tradingeconomics.com/country-list/minimum-wages;"Not Published in a verified official 2026 source loaded here; secondary candidate normalized to hourly from reference Jan/26.";2026-09-11
Country;AW;;Aruba;;AWG;;;;;;No;;Official-source verification pending;;;https://ilostat.ilo.org/data/snapshots/earnings/;Not Published — no verified current official wage rate loaded.;2026-09-11
Country;AT;;Austria;German;EUR;;;;No;Yes;Yes;;National;;;https://ec.europa.eu/eurostat/statistics-explained/index.php?title=Minimum_wage_statistics;"Not Published — No statutory national minimum wage; collective bargaining.";2026-09-11
Country;AZ;;Azerbaijan;;AZN;;;2.301;;;No;;Secondary candidate only;;;https://tradingeconomics.com/country-list/minimum-wages;"Not Published in a verified official 2026 source loaded here; secondary candidate normalized to hourly from reference Jan/26.";2026-09-11
Country;BS;;Bahamas;;BSD;;;;;;No;;Official-source verification pending;;;https://ilostat.ilo.org/data/snapshots/earnings/;Not Published — no verified current official wage rate loaded.;2026-09-11
Country;BH;;Bahrain;Arabic;BHD;;;;;;No;;Official-source verification pending;;;https://ilostat.ilo.org/data/snapshots/earnings/;Not Published — no verified current official wage rate loaded.;2026-09-11
Country;BD;;Bangladesh;Bengali;BDT;;;;;;No;;Official-source verification pending;;;https://ilostat.ilo.org/data/snapshots/earnings/;Not Published — no verified current official wage rate loaded.;2026-09-11
Country;BB;;Barbados;;BBD;;;;;;No;;Official-source verification pending;;;https://ilostat.ilo.org/data/snapshots/earnings/;Not Published — no verified current official wage rate loaded.;2026-09-11
Country;BY;;Belarus;Russian;BYN;;;4.936;;;No;;Secondary candidate only;;;https://tradingeconomics.com/country-list/minimum-wages;"Not Published in a verified official 2026 source loaded here; secondary candidate normalized to hourly from reference Jan/26.";2026-09-11
Country;BE;;Belgium;French|Dutch;EUR;;;;;;No;;Official-source verification pending;;;https://ilostat.ilo.org/data/snapshots/earnings/;Not Published — no verified current official wage rate loaded.;2026-09-11
Country;BZ;;Belize;;BZD;;;;;;No;;Official-source verification pending;;;https://ilostat.ilo.org/data/snapshots/earnings/;Not Published — no verified current official wage rate loaded.;2026-09-11
Country;BJ;;Benin;;XOF;;;299.177;;;No;;Secondary candidate only;;;https://tradingeconomics.com/country-list/minimum-wages;"Not Published in a verified official 2026 source loaded here; secondary candidate normalized to hourly from reference Jan/26.";2026-09-11
Country;BM;;Bermuda;;BMD;;;;;;No;;Official-source verification pending;;;https://ilostat.ilo.org/data/snapshots/earnings/;Not Published — no verified current official wage rate loaded.;2026-09-11
Country;BT;;Bhutan;;INR;;;;;;No;;Official-source verification pending;;;https://ilostat.ilo.org/data/snapshots/earnings/;Not Published — no verified current official wage rate loaded.;2026-09-11
Country;BO;;Bolivia;Spanish;BOB;;;;;;No;;Official-source verification pending;;;https://ilostat.ilo.org/data/snapshots/earnings/;Not Published — no verified current official wage rate loaded.;2026-09-11
Country;BQ;;Bonaire, Sint Eustatius and Saba;;USD;;;;;;No;;Official-source verification pending;;;https://ilostat.ilo.org/data/snapshots/earnings/;Not Published — no verified current official wage rate loaded.;2026-09-11
Country;BA;;Bosnia and Herzegovina;;BAM;;;5.909;;;No;;Secondary candidate only;;;https://tradingeconomics.com/country-list/minimum-wages;"Not Published in a verified official 2026 source loaded here; secondary candidate normalized to hourly from reference Jan/26.";2026-09-11
Country;BW;;Botswana;;BWP;;;9.06;;;No;;Secondary candidate only;;;https://tradingeconomics.com/country-list/minimum-wages;"Not Published in a verified official 2026 source loaded here; secondary candidate normalized to hourly from reference Jan/26.";2026-09-11
Country;BV;;Bouvet Island;;NOK;;;;;;No;;Official-source verification pending;;;https://ilostat.ilo.org/data/snapshots/earnings/;Not Published — no verified current official wage rate loaded.;2026-09-11
Country;IO;;British Indian Ocean Territory;;USD;;;;;;No;;Official-source verification pending;;;https://ilostat.ilo.org/data/snapshots/earnings/;Not Published — no verified current official wage rate loaded.;2026-09-11
Country;BN;;Brunei Darussalam;Malay;BND;;;;;;No;;Official-source verification pending;;;https://ilostat.ilo.org/data/snapshots/earnings/;Not Published — no verified current official wage rate loaded.;2026-09-11
Country;BG;;Bulgaria;;BGN;;;;;;No;;Official-source verification pending;;;https://ilostat.ilo.org/data/snapshots/earnings/;Not Published — no verified current official wage rate loaded.;2026-09-11
Country;BF;;Burkina Faso;;XOF;;;;;;No;;Official-source verification pending;;;https://ilostat.ilo.org/data/snapshots/earnings/;Not Published — no verified current official wage rate loaded.;2026-09-11
Country;BI;;Burundi;;BIF;;;;;;No;;Official-source verification pending;;;https://ilostat.ilo.org/data/snapshots/earnings/;Not Published — no verified current official wage rate loaded.;2026-09-11
Country;CV;;Cabo Verde;Portuguese;CVE;;;74.794;;;No;;Secondary candidate only;;;https://tradingeconomics.com/country-list/minimum-wages;"Not Published in a verified official 2026 source loaded here; secondary candidate normalized to hourly from reference Jan/26.";2026-09-11
Country;KH;;Cambodia;;KHR;;;1.208;;;No;;Secondary candidate only;;;https://tradingeconomics.com/country-list/minimum-wages;"Not Published in a verified official 2026 source loaded here; secondary candidate normalized to hourly from reference Jan/26.";2026-09-11
Country;KY;;Cayman Islands;;KYD;;;;;;No;;Official-source verification pending;;;https://ilostat.ilo.org/data/snapshots/earnings/;Not Published — no verified current official wage rate loaded.;2026-09-11
Country;CF;;Central African Republic;;XAF;;;;;;No;;Official-source verification pending;;;https://ilostat.ilo.org/data/snapshots/earnings/;Not Published — no verified current official wage rate loaded.;2026-09-11
Country;TD;;Chad;;XAF;;;;;;No;;Official-source verification pending;;;https://ilostat.ilo.org/data/snapshots/earnings/;Not Published — no verified current official wage rate loaded.;2026-09-11
Country;CN;;China;Chinese;CNY;;;15.764;;;No;;Secondary candidate only;;;https://tradingeconomics.com/country-list/minimum-wages;"Not Published in a verified official 2026 source loaded here; secondary candidate normalized to hourly from reference Jan/26.";2026-09-11
Country;CX;;Christmas Island;;AUD;;;;;;No;;Official-source verification pending;;;https://ilostat.ilo.org/data/snapshots/earnings/;Not Published — no verified current official wage rate loaded.;2026-09-11
Country;CC;;Cocos (Keeling) Islands;;AUD;;;;;;No;;Official-source verification pending;;;https://ilostat.ilo.org/data/snapshots/earnings/;Not Published — no verified current official wage rate loaded.;2026-09-11
Country;CO;;Colombia;Spanish;COP;;;;;;No;;Official-source verification pending;;;https://ilostat.ilo.org/data/snapshots/earnings/;Not Published — no verified current official wage rate loaded.;2026-09-11
Country;KM;;Comoros;;KMF;;;;;;No;;Official-source verification pending;;;https://ilostat.ilo.org/data/snapshots/earnings/;Not Published — no verified current official wage rate loaded.;2026-09-11
Country;CG;;Congo;;XAF;;;;;;No;;Official-source verification pending;;;https://ilostat.ilo.org/data/snapshots/earnings/;Not Published — no verified current official wage rate loaded.;2026-09-11
Country;CD;;Congo, The Democratic Republic of the;French|Swahili;CDF;;;;;;No;;Official-source verification pending;;;https://ilostat.ilo.org/data/snapshots/earnings/;Not Published — no verified current official wage rate loaded.;2026-09-11
Country;CK;;Cook Islands;;NZD;;;;;;No;;Official-source verification pending;;;https://ilostat.ilo.org/data/snapshots/earnings/;Not Published — no verified current official wage rate loaded.;2026-09-11
Country;CR;;Costa Rica;Spanish;CRC;;;;;;No;;Official-source verification pending;;;https://ilostat.ilo.org/data/snapshots/earnings/;Not Published — no verified current official wage rate loaded.;2026-09-11
Country;HR;;Croatia;;EUR;;;;;;No;;Official-source verification pending;;;https://ilostat.ilo.org/data/snapshots/earnings/;Not Published — no verified current official wage rate loaded.;2026-09-11
Country;CU;;Cuba;Spanish;CUP;;;;;;No;;Official-source verification pending;;;https://ilostat.ilo.org/data/snapshots/earnings/;Not Published — no verified current official wage rate loaded.;2026-09-11
Country;CW;;Curaçao;;XCG;;;;;;No;;Official-source verification pending;;;https://ilostat.ilo.org/data/snapshots/earnings/;Not Published — no verified current official wage rate loaded.;2026-09-11
Country;CZ;;Czechia;Czech;CZK;;;;;;No;;Official-source verification pending;;;https://ilostat.ilo.org/data/snapshots/earnings/;Not Published — no verified current official wage rate loaded.;2026-09-11
Country;CI;;Côte d'Ivoire;French;XOF;;;;;;No;;Official-source verification pending;;;https://ilostat.ilo.org/data/snapshots/earnings/;Not Published — no verified current official wage rate loaded.;2026-09-11
Country;DK;;Denmark;Danish;DKK;;;;No;Yes;Yes;;National;;;https://ec.europa.eu/eurostat/statistics-explained/index.php?title=Minimum_wage_statistics;"Not Published — No statutory national minimum wage; collective bargaining.";2026-09-11
Country;DJ;;Djibouti;;DJF;;;;;;No;;Official-source verification pending;;;https://ilostat.ilo.org/data/snapshots/earnings/;Not Published — no verified current official wage rate loaded.;2026-09-11
Country;DM;;Dominica;;XCD;;;;;;No;;Official-source verification pending;;;https://ilostat.ilo.org/data/snapshots/earnings/;Not Published — no verified current official wage rate loaded.;2026-09-11
Country;DO;;Dominican Republic;Spanish;DOP;;;97.768;;;No;;Secondary candidate only;;;https://tradingeconomics.com/country-list/minimum-wages;"Not Published in a verified official 2026 source loaded here; secondary candidate normalized to hourly from reference Feb/26.";2026-09-11
Country;EC;;Ecuador;Spanish;USD;;;;;;No;;Official-source verification pending;;;https://ilostat.ilo.org/data/snapshots/earnings/;Not Published — no verified current official wage rate loaded.;2026-09-11
Country;EG;;Egypt;Arabic;EGP;;;46.027;;;No;;Secondary candidate only;;;https://tradingeconomics.com/country-list/minimum-wages;"Not Published in a verified official 2026 source loaded here; secondary candidate normalized to hourly from reference Jul/26.";2026-09-11
Country;SV;;El Salvador;Spanish;USD;;;2.353;;;No;;Secondary candidate only;;;https://tradingeconomics.com/country-list/minimum-wages;"Not Published in a verified official 2026 source loaded here; secondary candidate normalized to hourly from reference Jan/26.";2026-09-11
Country;GQ;;Equatorial Guinea;Spanish;XAF;;;;;;No;;Official-source verification pending;;;https://ilostat.ilo.org/data/snapshots/earnings/;Not Published — no verified current official wage rate loaded.;2026-09-11
Country;ER;;Eritrea;;ERN;;;;;;No;;Official-source verification pending;;;https://ilostat.ilo.org/data/snapshots/earnings/;Not Published — no verified current official wage rate loaded.;2026-09-11
Country;EE;;Estonia;;EUR;;;;;;No;;Official-source verification pending;;;https://ilostat.ilo.org/data/snapshots/earnings/;Not Published — no verified current official wage rate loaded.;2026-09-11
Country;SZ;;Eswatini;;SZL;;;;;;No;;Official-source verification pending;;;https://ilostat.ilo.org/data/snapshots/earnings/;Not Published — no verified current official wage rate loaded.;2026-09-11
Country;ET;;Ethiopia;;ETB;;;2.416;;;No;;Secondary candidate only;;;https://tradingeconomics.com/country-list/minimum-wages;"Not Published in a verified official 2026 source loaded here; secondary candidate normalized to hourly from reference Jan/26.";2026-09-11
Country;FK;;Falkland Islands (Malvinas);;FKP;;;;;;No;;Official-source verification pending;;;https://ilostat.ilo.org/data/snapshots/earnings/;Not Published — no verified current official wage rate loaded.;2026-09-11
Country;FO;;Faroe Islands;;DKK;;;;;;No;;Official-source verification pending;;;https://ilostat.ilo.org/data/snapshots/earnings/;Not Published — no verified current official wage rate loaded.;2026-09-11
Country;FJ;;Fiji;;FJD;;;;;;No;;Official-source verification pending;;;https://ilostat.ilo.org/data/snapshots/earnings/;Not Published — no verified current official wage rate loaded.;2026-09-11
Country;FI;;Finland;Swedish|Finnish;EUR;;;;No;Yes;Yes;;National;;;https://ec.europa.eu/eurostat/statistics-explained/index.php?title=Minimum_wage_statistics;"Not Published — No statutory national minimum wage; sectoral collective agreements.";2026-09-11
Country;GF;;French Guiana;;EUR;;;;;;No;;Official-source verification pending;;;https://ilostat.ilo.org/data/snapshots/earnings/;Not Published — no verified current official wage rate loaded.;2026-09-11
Country;PF;;French Polynesia;;XPF;;;;;;No;;Official-source verification pending;;;https://ilostat.ilo.org/data/snapshots/earnings/;Not Published — no verified current official wage rate loaded.;2026-09-11
Country;TF;;French Southern Territories;;EUR;;;;;;No;;Official-source verification pending;;;https://ilostat.ilo.org/data/snapshots/earnings/;Not Published — no verified current official wage rate loaded.;2026-09-11
Country;GA;;Gabon;;XAF;;;;;;No;;Official-source verification pending;;;https://ilostat.ilo.org/data/snapshots/earnings/;Not Published — no verified current official wage rate loaded.;2026-09-11
Country;GM;;Gambia;;GMD;;;;;;No;;Official-source verification pending;;;https://ilostat.ilo.org/data/snapshots/earnings/;Not Published — no verified current official wage rate loaded.;2026-09-11
Country;GE;;Georgia;;GEL;;;;;;No;;Official-source verification pending;;;https://ilostat.ilo.org/data/snapshots/earnings/;Not Published — no verified current official wage rate loaded.;2026-09-11
Country;GH;;Ghana;;GHS;;;2.721;;;No;;Secondary candidate only;;;https://tradingeconomics.com/country-list/minimum-wages;"Not Published in a verified official 2026 source loaded here; secondary candidate normalized to hourly from reference Jan/26.";2026-09-11
Country;GI;;Gibraltar;;GIP;;;;;;No;;Official-source verification pending;;;https://ilostat.ilo.org/data/snapshots/earnings/;Not Published — no verified current official wage rate loaded.;2026-09-11
Country;GL;;Greenland;;DKK;;;;;;No;;Official-source verification pending;;;https://ilostat.ilo.org/data/snapshots/earnings/;Not Published — no verified current official wage rate loaded.;2026-09-11
Country;GD;;Grenada;;XCD;;;;;;No;;Official-source verification pending;;;https://ilostat.ilo.org/data/snapshots/earnings/;Not Published — no verified current official wage rate loaded.;2026-09-11
Country;GP;;Guadeloupe;;EUR;;;;;;No;;Official-source verification pending;;;https://ilostat.ilo.org/data/snapshots/earnings/;Not Published — no verified current official wage rate loaded.;2026-09-11
Country;GU;;Guam;;USD;;;;;;No;;Official-source verification pending;;;https://ilostat.ilo.org/data/snapshots/earnings/;Not Published — no verified current official wage rate loaded.;2026-09-11
Country;GT;;Guatemala;Spanish;GTQ;;;23.025;;;No;;Secondary candidate only;;;https://tradingeconomics.com/country-list/minimum-wages;"Not Published in a verified official 2026 source loaded here; secondary candidate normalized to hourly from reference Jan/26.";2026-09-11
Country;GG;;Guernsey;;GBP;;;;;;No;;Official-source verification pending;;;https://ilostat.ilo.org/data/snapshots/earnings/;Not Published — no verified current official wage rate loaded.;2026-09-11
Country;GN;;Guinea;;GNF;;;;;;No;;Official-source verification pending;;;https://ilostat.ilo.org/data/snapshots/earnings/;Not Published — no verified current official wage rate loaded.;2026-09-11
Country;GW;;Guinea-Bissau;;XOF;;;;;;No;;Official-source verification pending;;;https://ilostat.ilo.org/data/snapshots/earnings/;Not Published — no verified current official wage rate loaded.;2026-09-11
Country;GY;;Guyana;;GYD;;;;;;No;;Official-source verification pending;;;https://ilostat.ilo.org/data/snapshots/earnings/;Not Published — no verified current official wage rate loaded.;2026-09-11
Country;HT;;Haiti;French;HTG;;;3.107;;;No;;Secondary candidate only;;;https://tradingeconomics.com/country-list/minimum-wages;"Not Published in a verified official 2026 source loaded here; secondary candidate normalized to hourly from reference Jan/26.";2026-09-11
Country;HM;;Heard Island and McDonald Islands;;AUD;;;;;;No;;Official-source verification pending;;;https://ilostat.ilo.org/data/snapshots/earnings/;Not Published — no verified current official wage rate loaded.;2026-09-11
Country;VA;;Holy See (Vatican City State);Italian;EUR;;;;;;No;;Official-source verification pending;;;https://ilostat.ilo.org/data/snapshots/earnings/;Not Published — no verified current official wage rate loaded.;2026-09-11
Country;HN;;Honduras;Spanish;HNL;;;55.215;;;No;;Secondary candidate only;;;https://tradingeconomics.com/country-list/minimum-wages;"Not Published in a verified official 2026 source loaded here; secondary candidate normalized to hourly from reference Jan/26.";2026-09-11
Country;HK;;Hong Kong;;HKD;;;43.1;;;No;;Secondary candidate only;;;https://tradingeconomics.com/country-list/minimum-wages;"Not Published in a verified official 2026 source loaded here; secondary candidate normalized to hourly from reference May/26.";2026-09-11
Country;HU;;Hungary;;HUF;;;;;;No;;Official-source verification pending;;;https://ilostat.ilo.org/data/snapshots/earnings/;Not Published — no verified current official wage rate loaded.;2026-09-11
Country;IS;;Iceland;;ISK;;;;No;Yes;Yes;;National;;;https://ec.europa.eu/eurostat/statistics-explained/index.php?title=Minimum_wage_statistics;Not Published — No statutory national minimum wage.;2026-09-11
Country;IN;;India;English|Hindi|Bengali|Punjabi;INR;;;;;;No;;Official-source verification pending;;;https://ilostat.ilo.org/data/snapshots/earnings/;Not Published — no verified current official wage rate loaded.;2026-09-11
Country;ID;;Indonesia;Indonesian;IDR;;;32967.033;;;No;;Secondary candidate only;;;https://tradingeconomics.com/country-list/minimum-wages;"Not Published in a verified official 2026 source loaded here; secondary candidate normalized to hourly from reference Jan/26.";2026-09-11
Country;IR;;Iran;;IRR;;;;;;No;;Official-source verification pending;;;https://ilostat.ilo.org/data/snapshots/earnings/;Not Published — no verified current official wage rate loaded.;2026-09-11
Country;IQ;;Iraq;Arabic;IQD;;;;;;No;;Official-source verification pending;;;https://ilostat.ilo.org/data/snapshots/earnings/;Not Published — no verified current official wage rate loaded.;2026-09-11
Country;IM;;Isle of Man;;GBP;;;;;;No;;Official-source verification pending;;;https://ilostat.ilo.org/data/snapshots/earnings/;Not Published — no verified current official wage rate loaded.;2026-09-11
Country;IT;;Italy;Italian;EUR;;;;No;Yes;Yes;;National;;;https://ec.europa.eu/eurostat/statistics-explained/index.php?title=Minimum_wage_statistics;"Not Published — No statutory national minimum wage; sectoral collective agreements.";2026-09-11
Country;JM;;Jamaica;;JMD;;;;;;No;;Official-source verification pending;;;https://ilostat.ilo.org/data/snapshots/earnings/;Not Published — no verified current official wage rate loaded.;2026-09-11
Country;JP;;Japan;Japanese;JPY;;;1121.0;;;No;;Secondary candidate only;;;https://tradingeconomics.com/country-list/minimum-wages;"Not Published in a verified official 2026 source loaded here; secondary candidate normalized to hourly from reference Oct/25.";2026-09-11
Country;JE;;Jersey;;GBP;;;;;;No;;Official-source verification pending;;;https://ilostat.ilo.org/data/snapshots/earnings/;Not Published — no verified current official wage rate loaded.;2026-09-11
Country;JO;;Jordan;Arabic;JOD;;;1.668;;;No;;Secondary candidate only;;;https://tradingeconomics.com/country-list/minimum-wages;"Not Published in a verified official 2026 source loaded here; secondary candidate normalized to hourly from reference Jan/26.";2026-09-11
Country;KZ;;Kazakhstan;Russian;KZT;;;489.04;;;No;;Secondary candidate only;;;https://tradingeconomics.com/country-list/minimum-wages;"Not Published in a verified official 2026 source loaded here; secondary candidate normalized to hourly from reference Jan/26.";2026-09-11
Country;KE;;Kenya;Swahili;KES;;;92.71;;;No;;Secondary candidate only;;;https://tradingeconomics.com/country-list/minimum-wages;"Not Published in a verified official 2026 source loaded here; secondary candidate normalized to hourly from reference Jan/26.";2026-09-11
Country;KI;;Kiribati;;AUD;;;;;;No;;Official-source verification pending;;;https://ilostat.ilo.org/data/snapshots/earnings/;Not Published — no verified current official wage rate loaded.;2026-09-11
Country;KW;;Kuwait;Arabic;KWD;;;;;;No;;Official-source verification pending;;;https://ilostat.ilo.org/data/snapshots/earnings/;Not Published — no verified current official wage rate loaded.;2026-09-11
Country;KG;;Kyrgyzstan;Russian;KGS;;;;;;No;;Official-source verification pending;;;https://ilostat.ilo.org/data/snapshots/earnings/;Not Published — no verified current official wage rate loaded.;2026-09-11
Country;LA;;Laos;;LAK;;;14383.522;;;No;;Secondary candidate only;;;https://tradingeconomics.com/country-list/minimum-wages;"Not Published in a verified official 2026 source loaded here; secondary candidate normalized to hourly from reference Jan/26.";2026-09-11
Country;LV;;Latvia;;EUR;;;;;;No;;Official-source verification pending;;;https://ilostat.ilo.org/data/snapshots/earnings/;Not Published — no verified current official wage rate loaded.;2026-09-11
Country;LB;;Lebanon;Arabic;LBP;;;;;;No;;Official-source verification pending;;;https://ilostat.ilo.org/data/snapshots/earnings/;Not Published — no verified current official wage rate loaded.;2026-09-11
Country;LS;;Lesotho;;ZAR;;;12.899;;;No;;Secondary candidate only;;;https://tradingeconomics.com/country-list/minimum-wages;"Not Published in a verified official 2026 source loaded here; secondary candidate normalized to hourly from reference Jan/26.";2026-09-11
Country;LR;;Liberia;;LRD;;;;;;No;;Official-source verification pending;;;https://ilostat.ilo.org/data/snapshots/earnings/;Not Published — no verified current official wage rate loaded.;2026-09-11
Country;LY;;Libya;;LYD;;;;;;No;;Official-source verification pending;;;https://ilostat.ilo.org/data/snapshots/earnings/;Not Published — no verified current official wage rate loaded.;2026-09-11
Country;LI;;Liechtenstein;German;CHF;;;;;;No;;Official-source verification pending;;;https://ilostat.ilo.org/data/snapshots/earnings/;Not Published — no verified current official wage rate loaded.;2026-09-11
Country;LT;;Lithuania;;EUR;;;;;;No;;Official-source verification pending;;;https://ilostat.ilo.org/data/snapshots/earnings/;Not Published — no verified current official wage rate loaded.;2026-09-11
Country;LU;;Luxembourg;German;EUR;;;;;;No;;Official-source verification pending;;;https://ilostat.ilo.org/data/snapshots/earnings/;Not Published — no verified current official wage rate loaded.;2026-09-11
Country;MO;;Macao;;MOP;;;;;;No;;Official-source verification pending;;;https://ilostat.ilo.org/data/snapshots/earnings/;Not Published — no verified current official wage rate loaded.;2026-09-11
Country;MG;;Madagascar;;MGA;;;1511.305;;;No;;Secondary candidate only;;;https://tradingeconomics.com/country-list/minimum-wages;"Not Published in a verified official 2026 source loaded here; secondary candidate normalized to hourly from reference Jan/26.";2026-09-11
Country;MW;;Malawi;;MWK;;;;;;No;;Official-source verification pending;;;https://ilostat.ilo.org/data/snapshots/earnings/;Not Published — no verified current official wage rate loaded.;2026-09-11
Country;MV;;Maldives;;MVR;;;;;;No;;Official-source verification pending;;;https://ilostat.ilo.org/data/snapshots/earnings/;Not Published — no verified current official wage rate loaded.;2026-09-11
Country;ML;;Mali;French;XOF;;;;;;No;;Official-source verification pending;;;https://ilostat.ilo.org/data/snapshots/earnings/;Not Published — no verified current official wage rate loaded.;2026-09-11
Country;MT;;Malta;;EUR;;;;;;No;;Official-source verification pending;;;https://ilostat.ilo.org/data/snapshots/earnings/;Not Published — no verified current official wage rate loaded.;2026-09-11
Country;MH;;Marshall Islands;;USD;;;;;;No;;Official-source verification pending;;;https://ilostat.ilo.org/data/snapshots/earnings/;Not Published — no verified current official wage rate loaded.;2026-09-11
Country;MQ;;Martinique;;EUR;;;;;;No;;Official-source verification pending;;;https://ilostat.ilo.org/data/snapshots/earnings/;Not Published — no verified current official wage rate loaded.;2026-09-11
Country;MR;;Mauritania;;MRU;;;;;;No;;Official-source verification pending;;;https://ilostat.ilo.org/data/snapshots/earnings/;Not Published — no verified current official wage rate loaded.;2026-09-11
Country;MU;;Mauritius;;MUR;;;98.441;;;No;;Secondary candidate only;;;https://tradingeconomics.com/country-list/minimum-wages;"Not Published in a verified official 2026 source loaded here; secondary candidate normalized to hourly from reference Jan/26.";2026-09-11
Country;YT;;Mayotte;;EUR;;;;;;No;;Official-source verification pending;;;https://ilostat.ilo.org/data/snapshots/earnings/;Not Published — no verified current official wage rate loaded.;2026-09-11
Country;FM;;Micronesia, Federated States of;;USD;;;;;;No;;Official-source verification pending;;;https://ilostat.ilo.org/data/snapshots/earnings/;Not Published — no verified current official wage rate loaded.;2026-09-11
Country;MD;;Moldova;Romanian;MDL;;;36.246;;;No;;Secondary candidate only;;;https://tradingeconomics.com/country-list/minimum-wages;"Not Published in a verified official 2026 source loaded here; secondary candidate normalized to hourly from reference Jan/26.";2026-09-11
Country;MC;;Monaco;;EUR;;;;;;No;;Official-source verification pending;;;https://ilostat.ilo.org/data/snapshots/earnings/;Not Published — no verified current official wage rate loaded.;2026-09-11
Country;MN;;Mongolia;;MNT;;;4556.7;;;No;;Secondary candidate only;;;https://tradingeconomics.com/country-list/minimum-wages;"Not Published in a verified official 2026 source loaded here; secondary candidate normalized to hourly from reference Jan/26.";2026-09-11
Country;ME;;Montenegro;;EUR;;;;;;No;;Official-source verification pending;;;https://ilostat.ilo.org/data/snapshots/earnings/;Not Published — no verified current official wage rate loaded.;2026-09-11
Country;MS;;Montserrat;;XCD;;;;;;No;;Official-source verification pending;;;https://ilostat.ilo.org/data/snapshots/earnings/;Not Published — no verified current official wage rate loaded.;2026-09-11
Country;MA;;Morocco;Arabic;MAD;;;19.694;;;No;;Secondary candidate only;;;https://tradingeconomics.com/country-list/minimum-wages;"Not Published in a verified official 2026 source loaded here; secondary candidate normalized to hourly from reference Jan/26.";2026-09-11
Country;MZ;;Mozambique;Portuguese;MZN;;;38.479;;;No;;Secondary candidate only;;;https://tradingeconomics.com/country-list/minimum-wages;"Not Published in a verified official 2026 source loaded here; secondary candidate normalized to hourly from reference Feb/26.";2026-09-11
Country;MM;;Myanmar;;MMK;;;;;;No;;Official-source verification pending;;;https://ilostat.ilo.org/data/snapshots/earnings/;Not Published — no verified current official wage rate loaded.;2026-09-11
Country;NA;;Namibia;;ZAR;;;;;;No;;Official-source verification pending;;;https://ilostat.ilo.org/data/snapshots/earnings/;Not Published — no verified current official wage rate loaded.;2026-09-11
Country;NR;;Nauru;;AUD;;;;;;No;;Official-source verification pending;;;https://ilostat.ilo.org/data/snapshots/earnings/;Not Published — no verified current official wage rate loaded.;2026-09-11
Country;NP;;Nepal;Nepali;NPR;;;;;;No;;Official-source verification pending;;;https://ilostat.ilo.org/data/snapshots/earnings/;Not Published — no verified current official wage rate loaded.;2026-09-11
Country;NC;;New Caledonia;;XPF;;;;;;No;;Official-source verification pending;;;https://ilostat.ilo.org/data/snapshots/earnings/;Not Published — no verified current official wage rate loaded.;2026-09-11
Country;NI;;Nicaragua;Spanish;NIO;;;47.868;;;No;;Secondary candidate only;;;https://tradingeconomics.com/country-list/minimum-wages;"Not Published in a verified official 2026 source loaded here; secondary candidate normalized to hourly from reference Mar/26.";2026-09-11
Country;NE;;Niger;;XOF;;;;;;No;;Official-source verification pending;;;https://ilostat.ilo.org/data/snapshots/earnings/;Not Published — no verified current official wage rate loaded.;2026-09-11
Country;NG;;Nigeria;English;NGN;;;402.739;;;No;;Secondary candidate only;;;https://tradingeconomics.com/country-list/minimum-wages;"Not Published in a verified official 2026 source loaded here; secondary candidate normalized to hourly from reference Jan/26.";2026-09-11
Country;NU;;Niue;;NZD;;;;;;No;;Official-source verification pending;;;https://ilostat.ilo.org/data/snapshots/earnings/;Not Published — no verified current official wage rate loaded.;2026-09-11
Country;NF;;Norfolk Island;;AUD;;;;;;No;;Official-source verification pending;;;https://ilostat.ilo.org/data/snapshots/earnings/;Not Published — no verified current official wage rate loaded.;2026-09-11
Country;KP;;North Korea;Korean;KPW;;;;;;No;;Official-source verification pending;;;https://ilostat.ilo.org/data/snapshots/earnings/;Not Published — no verified current official wage rate loaded.;2026-09-11
Country;MK;;North Macedonia;;MKD;;;221.547;;;No;;Secondary candidate only;;;https://tradingeconomics.com/country-list/minimum-wages;"Not Published in a verified official 2026 source loaded here; secondary candidate normalized to hourly from reference Mar/26.";2026-09-11
Country;MP;;Northern Mariana Islands;;USD;;;;;;No;;Official-source verification pending;;;https://ilostat.ilo.org/data/snapshots/earnings/;Not Published — no verified current official wage rate loaded.;2026-09-11
Country;NO;;Norway;Norwegian;NOK;;;;No;Yes;Yes;;National;;;https://ec.europa.eu/eurostat/statistics-explained/index.php?title=Minimum_wage_statistics;"Not Published — No general statutory national minimum wage; statutory floors exist in selected industries.";2026-09-11
Country;OM;;Oman;Arabic;OMR;;;;;;No;;Official-source verification pending;;;https://ilostat.ilo.org/data/snapshots/earnings/;Not Published — no verified current official wage rate loaded.;2026-09-11
Country;PK;;Pakistan;Punjabi;PKR;;;230.136;;;No;;Secondary candidate only;;;https://tradingeconomics.com/country-list/minimum-wages;"Not Published in a verified official 2026 source loaded here; secondary candidate normalized to hourly from reference Jul/26.";2026-09-11
Country;PW;;Palau;;USD;;;;;;No;;Official-source verification pending;;;https://ilostat.ilo.org/data/snapshots/earnings/;Not Published — no verified current official wage rate loaded.;2026-09-11
Country;PS;;Palestine, State of;Arabic;ILS;;;;;;No;;Official-source verification pending;;;https://ilostat.ilo.org/data/snapshots/earnings/;Not Published — no verified current official wage rate loaded.;2026-09-11
Country;PA;;Panama;Spanish;PAB;;;3.13;;;No;;Secondary candidate only;;;https://tradingeconomics.com/country-list/minimum-wages;"Not Published in a verified official 2026 source loaded here; secondary candidate normalized to hourly from reference Jan/26.";2026-09-11
Country;PG;;Papua New Guinea;;PGK;;;3.525;;;No;;Secondary candidate only;;;https://tradingeconomics.com/country-list/minimum-wages;"Not Published in a verified official 2026 source loaded here; secondary candidate normalized to hourly from reference Dec/25.";2026-09-11
Country;PY;;Paraguay;Spanish;PYG;;;17513.377;;;No;;Secondary candidate only;;;https://tradingeconomics.com/country-list/minimum-wages;"Not Published in a verified official 2026 source loaded here; secondary candidate normalized to hourly from reference Jul/26.";2026-09-11
Country;PE;;Peru;Spanish;PEN;;;6.501;;;No;;Secondary candidate only;;;https://tradingeconomics.com/country-list/minimum-wages;"Not Published in a verified official 2026 source loaded here; secondary candidate normalized to hourly from reference Jun/26.";2026-09-11
Country;PH;;Philippines;Filipino;PHP;;;;;;No;;Official-source verification pending;;;https://ilostat.ilo.org/data/snapshots/earnings/;Not Published — no verified current official wage rate loaded.;2026-09-11
Country;PN;;Pitcairn;;NZD;;;;;;No;;Official-source verification pending;;;https://ilostat.ilo.org/data/snapshots/earnings/;Not Published — no verified current official wage rate loaded.;2026-09-11
Country;PR;;Puerto Rico;;USD;;;;;;No;;Official-source verification pending;;;https://ilostat.ilo.org/data/snapshots/earnings/;Not Published — no verified current official wage rate loaded.;2026-09-11
Country;QA;;Qatar;Arabic;QAR;;;5.753;;;No;;Secondary candidate only;;;https://tradingeconomics.com/country-list/minimum-wages;"Not Published in a verified official 2026 source loaded here; secondary candidate normalized to hourly from reference Jan/26.";2026-09-11
Country;RO;;Romania;Romanian;RON;;;24.883;;;No;;Secondary candidate only;;;https://tradingeconomics.com/country-list/minimum-wages;"Not Published in a verified official 2026 source loaded here; secondary candidate normalized to hourly from reference Jul/26.";2026-09-11
Country;RU;;Russian Federation;Russian;RUB;;;155.877;;;No;;Secondary candidate only;;;https://tradingeconomics.com/country-list/minimum-wages;"Not Published in a verified official 2026 source loaded here; secondary candidate normalized to hourly from reference Jan/26.";2026-09-11
Country;RW;;Rwanda;French|Swahili;RWF;;;;;;No;;Official-source verification pending;;;https://ilostat.ilo.org/data/snapshots/earnings/;Not Published — no verified current official wage rate loaded.;2026-09-11
Country;RE;;Réunion;;EUR;;;;;;No;;Official-source verification pending;;;https://ilostat.ilo.org/data/snapshots/earnings/;Not Published — no verified current official wage rate loaded.;2026-09-11
Country;BL;;Saint Barthélemy;;EUR;;;;;;No;;Official-source verification pending;;;https://ilostat.ilo.org/data/snapshots/earnings/;Not Published — no verified current official wage rate loaded.;2026-09-11
Country;SH;;Saint Helena, Ascension and Tristan da Cunha;;SHP;;;;;;No;;Official-source verification pending;;;https://ilostat.ilo.org/data/snapshots/earnings/;Not Published — no verified current official wage rate loaded.;2026-09-11
Country;KN;;Saint Kitts and Nevis;;XCD;;;;;;No;;Official-source verification pending;;;https://ilostat.ilo.org/data/snapshots/earnings/;Not Published — no verified current official wage rate loaded.;2026-09-11
Country;LC;;Saint Lucia;;XCD;;;;;;No;;Official-source verification pending;;;https://ilostat.ilo.org/data/snapshots/earnings/;Not Published — no verified current official wage rate loaded.;2026-09-11
Country;MF;;Saint Martin (French part);;EUR;;;;;;No;;Official-source verification pending;;;https://ilostat.ilo.org/data/snapshots/earnings/;Not Published — no verified current official wage rate loaded.;2026-09-11
Country;PM;;Saint Pierre and Miquelon;;EUR;;;;;;No;;Official-source verification pending;;;https://ilostat.ilo.org/data/snapshots/earnings/;Not Published — no verified current official wage rate loaded.;2026-09-11
Country;VC;;Saint Vincent and the Grenadines;;XCD;;;;;;No;;Official-source verification pending;;;https://ilostat.ilo.org/data/snapshots/earnings/;Not Published — no verified current official wage rate loaded.;2026-09-11
Country;WS;;Samoa;;WST;;;;;;No;;Official-source verification pending;;;https://ilostat.ilo.org/data/snapshots/earnings/;Not Published — no verified current official wage rate loaded.;2026-09-11
Country;SM;;San Marino;Italian;EUR;;;;;;No;;Official-source verification pending;;;https://ilostat.ilo.org/data/snapshots/earnings/;Not Published — no verified current official wage rate loaded.;2026-09-11
Country;ST;;Sao Tome and Principe;;STN;;;;;;No;;Official-source verification pending;;;https://ilostat.ilo.org/data/snapshots/earnings/;Not Published — no verified current official wage rate loaded.;2026-09-11
Country;SA;;Saudi Arabia;Arabic;SAR;;;;;;No;;Official-source verification pending;;;https://ilostat.ilo.org/data/snapshots/earnings/;Not Published — no verified current official wage rate loaded.;2026-09-11
Country;SN;;Senegal;French;XOF;;;;;;No;;Official-source verification pending;;;https://ilostat.ilo.org/data/snapshots/earnings/;Not Published — no verified current official wage rate loaded.;2026-09-11
Country;RS;;Serbia;;RSD;;;;;;No;;Official-source verification pending;;;https://ilostat.ilo.org/data/snapshots/earnings/;Not Published — no verified current official wage rate loaded.;2026-09-11
Country;SC;;Seychelles;;SCR;;;;;;No;;Official-source verification pending;;;https://ilostat.ilo.org/data/snapshots/earnings/;Not Published — no verified current official wage rate loaded.;2026-09-11
Country;SL;;Sierra Leone;;SLE;;;;;;No;;Official-source verification pending;;;https://ilostat.ilo.org/data/snapshots/earnings/;Not Published — no verified current official wage rate loaded.;2026-09-11
Country;SG;;Singapore;Chinese|Malay;SGD;;;;;;No;;Official-source verification pending;;;https://ilostat.ilo.org/data/snapshots/earnings/;Not Published — no verified current official wage rate loaded.;2026-09-11
Country;SX;;Sint Maarten (Dutch part);;XCG;;;;;;No;;Official-source verification pending;;;https://ilostat.ilo.org/data/snapshots/earnings/;Not Published — no verified current official wage rate loaded.;2026-09-11
Country;SK;;Slovakia;;EUR;;;;;;No;;Official-source verification pending;;;https://ilostat.ilo.org/data/snapshots/earnings/;Not Published — no verified current official wage rate loaded.;2026-09-11
Country;SI;;Slovenia;;EUR;;;;;;No;;Official-source verification pending;;;https://ilostat.ilo.org/data/snapshots/earnings/;Not Published — no verified current official wage rate loaded.;2026-09-11
Country;SB;;Solomon Islands;;SBD;;;;;;No;;Official-source verification pending;;;https://ilostat.ilo.org/data/snapshots/earnings/;Not Published — no verified current official wage rate loaded.;2026-09-11
Country;SO;;Somalia;;SOS;;;;;;No;;Official-source verification pending;;;https://ilostat.ilo.org/data/snapshots/earnings/;Not Published — no verified current official wage rate loaded.;2026-09-11
Country;GS;;South Georgia and the South Sandwich Islands;;GBP;;;;;;No;;Official-source verification pending;;;https://ilostat.ilo.org/data/snapshots/earnings/;Not Published — no verified current official wage rate loaded.;2026-09-11
Country;SS;;South Sudan;;SSP;;;;;;No;;Official-source verification pending;;;https://ilostat.ilo.org/data/snapshots/earnings/;Not Published — no verified current official wage rate loaded.;2026-09-11
Country;LK;;Sri Lanka;;LKR;;;172.602;;;No;;Secondary candidate only;;;https://tradingeconomics.com/country-list/minimum-wages;"Not Published in a verified official 2026 source loaded here; secondary candidate normalized to hourly from reference Jan/26.";2026-09-11
Country;SD;;Sudan;Arabic;SDG;;;;;;No;;Official-source verification pending;;;https://ilostat.ilo.org/data/snapshots/earnings/;Not Published — no verified current official wage rate loaded.;2026-09-11
Country;SR;;Suriname;Dutch;SRD;;;;;;No;;Official-source verification pending;;;https://ilostat.ilo.org/data/snapshots/earnings/;Not Published — no verified current official wage rate loaded.;2026-09-11
Country;SJ;;Svalbard and Jan Mayen;;NOK;;;;;;No;;Official-source verification pending;;;https://ilostat.ilo.org/data/snapshots/earnings/;Not Published — no verified current official wage rate loaded.;2026-09-11
Country;SE;;Sweden;Swedish;SEK;;;;No;Yes;Yes;;National;;;https://ec.europa.eu/eurostat/statistics-explained/index.php?title=Minimum_wage_statistics;"Not Published — No statutory national minimum wage; collective bargaining.";2026-09-11
Country;CH;;Switzerland;French|German|Italian;CHF;;;;No;Yes;Yes;;National;;;https://ec.europa.eu/eurostat/statistics-explained/index.php?title=Minimum_wage_statistics;"Not Published — No statutory national minimum wage; some cantons set statutory rates.";2026-09-11
Country;SY;;Syria;Arabic;SYP;;;;;;No;;Official-source verification pending;;;https://ilostat.ilo.org/data/snapshots/earnings/;Not Published — no verified current official wage rate loaded.;2026-09-11
Country;TJ;;Tajikistan;;TJS;;;5.753;;;No;;Secondary candidate only;;;https://tradingeconomics.com/country-list/minimum-wages;"Not Published in a verified official 2026 source loaded here; secondary candidate normalized to hourly from reference Jan/26.";2026-09-11
Country;TZ;;Tanzania;Swahili;TZS;;;460.273;;;No;;Secondary candidate only;;;https://tradingeconomics.com/country-list/minimum-wages;"Not Published in a verified official 2026 source loaded here; secondary candidate normalized to hourly from reference Jan/26.";2026-09-11
Country;TL;;Timor-Leste;Portuguese;USD;;;;;;No;;Official-source verification pending;;;https://ilostat.ilo.org/data/snapshots/earnings/;Not Published — no verified current official wage rate loaded.;2026-09-11
Country;TG;;Togo;;XOF;;;;;;No;;Official-source verification pending;;;https://ilostat.ilo.org/data/snapshots/earnings/;Not Published — no verified current official wage rate loaded.;2026-09-11
Country;TK;;Tokelau;;NZD;;;;;;No;;Official-source verification pending;;;https://ilostat.ilo.org/data/snapshots/earnings/;Not Published — no verified current official wage rate loaded.;2026-09-11
Country;TO;;Tonga;;TOP;;;;;;No;;Official-source verification pending;;;https://ilostat.ilo.org/data/snapshots/earnings/;Not Published — no verified current official wage rate loaded.;2026-09-11
Country;TT;;Trinidad and Tobago;;TTD;;;;;;No;;Official-source verification pending;;;https://ilostat.ilo.org/data/snapshots/earnings/;Not Published — no verified current official wage rate loaded.;2026-09-11
Country;TN;;Tunisia;;TND;;;2.667;;;No;;Secondary candidate only;;;https://tradingeconomics.com/country-list/minimum-wages;"Not Published in a verified official 2026 source loaded here; secondary candidate normalized to hourly from reference Jul/26.";2026-09-11
Country;TM;;Turkmenistan;;TMT;;;;;;No;;Official-source verification pending;;;https://ilostat.ilo.org/data/snapshots/earnings/;Not Published — no verified current official wage rate loaded.;2026-09-11
Country;TC;;Turks and Caicos Islands;;USD;;;;;;No;;Official-source verification pending;;;https://ilostat.ilo.org/data/snapshots/earnings/;Not Published — no verified current official wage rate loaded.;2026-09-11
Country;TV;;Tuvalu;;AUD;;;;;;No;;Official-source verification pending;;;https://ilostat.ilo.org/data/snapshots/earnings/;Not Published — no verified current official wage rate loaded.;2026-09-11
Country;UG;;Uganda;Swahili;UGX;;;747.943;;;No;;Secondary candidate only;;;https://tradingeconomics.com/country-list/minimum-wages;"Not Published in a verified official 2026 source loaded here; secondary candidate normalized to hourly from reference Jan/26.";2026-09-11
Country;UA;;Ukraine;Ukrainian;UAH;;;49.75;;;No;;Secondary candidate only;;;https://tradingeconomics.com/country-list/minimum-wages;"Not Published in a verified official 2026 source loaded here; secondary candidate normalized to hourly from reference Jan/26.";2026-09-11
Country;AE;;United Arab Emirates;Arabic;AED;;;;;;No;;Official-source verification pending;;;https://ilostat.ilo.org/data/snapshots/earnings/;Not Published — no verified current official wage rate loaded.;2026-09-11
Country;UM;;United States Minor Outlying Islands;;USD;;;;;;No;;Official-source verification pending;;;https://ilostat.ilo.org/data/snapshots/earnings/;Not Published — no verified current official wage rate loaded.;2026-09-11
Country;UY;;Uruguay;Spanish;UYU;;;;;;No;;Official-source verification pending;;;https://ilostat.ilo.org/data/snapshots/earnings/;Not Published — no verified current official wage rate loaded.;2026-09-11
Country;UZ;;Uzbekistan;;UZS;;;7312.583;;;No;;Secondary candidate only;;;https://tradingeconomics.com/country-list/minimum-wages;"Not Published in a verified official 2026 source loaded here; secondary candidate normalized to hourly from reference Jan/26.";2026-09-11
Country;VU;;Vanuatu;;VUV;;;;;;No;;Official-source verification pending;;;https://ilostat.ilo.org/data/snapshots/earnings/;Not Published — no verified current official wage rate loaded.;2026-09-11
Country;VE;;Venezuela;Spanish;VES;;;;;;No;;Official-source verification pending;;;https://ilostat.ilo.org/data/snapshots/earnings/;Not Published — no verified current official wage rate loaded.;2026-09-11
Country;VN;;Vietnam;Vietnamese;VND;;;30550.601;;;No;;Secondary candidate only;;;https://tradingeconomics.com/country-list/minimum-wages;"Not Published in a verified official 2026 source loaded here; secondary candidate normalized to hourly from reference Jan/26.";2026-09-11
Country;VG;;Virgin Islands, British;;USD;;;;;;No;;Official-source verification pending;;;https://ilostat.ilo.org/data/snapshots/earnings/;Not Published — no verified current official wage rate loaded.;2026-09-11
Country;VI;;Virgin Islands, U.S.;;USD;;;;;;No;;Official-source verification pending;;;https://ilostat.ilo.org/data/snapshots/earnings/;Not Published — no verified current official wage rate loaded.;2026-09-11
Country;WF;;Wallis and Futuna;;XPF;;;;;;No;;Official-source verification pending;;;https://ilostat.ilo.org/data/snapshots/earnings/;Not Published — no verified current official wage rate loaded.;2026-09-11
Country;EH;;Western Sahara;;MAD;;;;;;No;;Official-source verification pending;;;https://ilostat.ilo.org/data/snapshots/earnings/;Not Published — no verified current official wage rate loaded.;2026-09-11
Country;YE;;Yemen;Arabic;YER;;;;;;No;;Official-source verification pending;;;https://ilostat.ilo.org/data/snapshots/earnings/;Not Published — no verified current official wage rate loaded.;2026-09-11
Country;ZM;;Zambia;;ZMW;;;;;;No;;Official-source verification pending;;;https://ilostat.ilo.org/data/snapshots/earnings/;Not Published — no verified current official wage rate loaded.;2026-09-11
Country;ZW;;Zimbabwe;;USD;;;;;;No;;Official-source verification pending;;;https://ilostat.ilo.org/data/snapshots/earnings/;Not Published — no verified current official wage rate loaded.;2026-09-11
Country;AX;;Åland Islands;;EUR;;;;;;No;;Official-source verification pending;;;https://ilostat.ilo.org/data/snapshots/earnings/;Not Published — no verified current official wage rate loaded.;2026-09-11
US State;US;US-AL;Alabama;English;USD;;7.25;;No;No;Yes;2026-07-01;General state rate;;hour;https://www.dol.gov/agencies/whd/minimum-wage/state;"No state minimum wage law; FLSA-covered employers must pay federal minimum.";2026-09-11
US State;US;US-LA;Louisiana;English;USD;;7.25;;No;No;Yes;2026-07-01;General state rate;;hour;https://www.dol.gov/agencies/whd/minimum-wage/state;"No state minimum wage law; FLSA-covered employers must pay federal minimum.";2026-09-11
US State;US;US-MS;Mississippi;English;USD;;7.25;;No;No;Yes;2026-07-01;General state rate;;hour;https://www.dol.gov/agencies/whd/minimum-wage/state;"No state minimum wage law; FLSA-covered employers must pay federal minimum.";2026-09-11
US State;US;US-SC;South Carolina;English;USD;;7.25;;No;No;Yes;2026-07-01;General state rate;;hour;https://www.dol.gov/agencies/whd/minimum-wage/state;"No state minimum wage law; FLSA-covered employers must pay federal minimum.";2026-09-11
US State;US;US-TN;Tennessee;English;USD;;7.25;;No;No;Yes;2026-07-01;General state rate;;hour;https://www.dol.gov/agencies/whd/minimum-wage/state;"No state minimum wage law; FLSA-covered employers must pay federal minimum.";2026-09-11
